{
  "interactionModel": {
    "languageModel": {
      "intents": [
        {
          "name": "AMAZON.CancelIntent",
          "samples": []
        },
        {
          "name": "AMAZON.HelpIntent",
          "samples": []
        },
        {
          "name": "AMAZON.StopIntent",
          "samples": []
        },
        {
          "slots": [],
          "name": "HelloWorldIntent",
          "samples": [
            "hello",
            "how are you",
            "say hi world",
            "say hi",
            "hi",
            "say hello world",
            "say hello"
          ]
        },
        {
          "name": "AMAZON.NavigateHomeIntent",
          "samples": []
        },
        {
          "name": "AMAZON.FallbackIntent",
          "samples": []
        },
        {
          "slots": [],
          "name": "OpenBinIntent",
          "samples": [
            "I want to throw the garbage",
            "Open the lid ",
            "Open the bin"
          ]
        },
        {
          "slots": [],
          "name": "CheckBinStatusIntent",
          "samples": [
            "How full is the bin",
            "What is the bin\u0027s status"
          ]
        }
      ],
      "types": [
        {
          "values": [
            {
              "name": {
                "value": "barely filled"
              }
            },
            {
              "name": {
                "value": "soon to be full"
              }
            },
            {
              "name": {
                "value": "half full "
              }
            },
            {
              "name": {
                "value": "empty"
              }
            },
            {
              "name": {
                "value": "full"
              }
            }
          ],
          "name": "binstate"
        }
      ],
      "invocationName": "smart bin"
    }
  }
}